{
  "reference_mode": "matlab",
  "reference_rows": 5210,
  "candidate_mode": "fast",
  "candidate_rows": 4907,
  "matched_summary": {
    "rows": 4907,
    "matched_rows": 4907,
    "extra_rows": 0,
    "center_distance": {
      "mean": 14.675700374748295,
      "median": 6.451370342082379,
      "p95": 69.73661101187105,
      "max": 241.27296232868804
    },
    "metrics": {
      "Dmax": {
        "mae": 8.317404297921337,
        "rmse": 19.104545715202203,
        "bias": 0.17969502757285516,
        "median_abs": 3.455786099999999,
        "p95_abs": 31.049282099999985
      },
      "Dmed": {
        "mae": 5.350454423843488,
        "rmse": 12.780439966496566,
        "bias": 0.13228864911351135,
        "median_abs": 2.096093099999999,
        "p95_abs": 19.172527569999982
      },
      "Dmin": {
        "mae": 3.7411819693030366,
        "rmse": 7.775145225289614,
        "bias": 0.0556992774831873,
        "median_abs": 1.7602070000000003,
        "p95_abs": 13.331622299999989
      },
      "angle_Mview": {
        "mae": 36.10889212320966,
        "median_abs": 32.70097000000001,
        "p95_abs": 83.9074607
      },
      "angle_Xview": {
        "mae": 21.943807643400856,
        "median_abs": 12.263840000000016,
        "p95_abs": 75.72799999999998
      }
    }
  },
  "distribution_ks": {
    "Dmax": {
      "statistic": 0.01575414025245771,
      "pvalue": 0.5499190830574215
    },
    "Dmed": {
      "statistic": 0.01592781200580314,
      "pvalue": 0.5357271386831088
    },
    "Dmin": {
      "statistic": 0.019484640806525365,
      "pvalue": 0.28755531423561026
    },
    "angle_Mview": {
      "statistic": 0.027107422629038307,
      "pvalue": 0.04757549323347435
    },
    "angle_Xview": {
      "statistic": 0.022208158113267623,
      "pvalue": 0.16198231294796245
    }
  }
}
