{
  "diagnostics": {
    "spacing": 0.46116439035847284,
    "block_split_enabled": 0.0,
    "support_score_threshold": 0.48,
    "seed_score_threshold": 0.56,
    "grow_score_threshold": 0.45,
    "connection_radius": 1.1529109758961822,
    "grow_radius": 1.4411387198702277,
    "split_seed_radius": 0.0,
    "split_size_threshold": 64312.0,
    "split_attempt_count": 0.0,
    "candidate_points": 1014878.0,
    "split_component_count": 2737.0
  },
  "rows": [
    {
      "instance_id": 1,
      "manual_points": 19030,
      "background_overlap": 5037,
      "best_nonzero_label": 1693,
      "best_nonzero_overlap_points": 12122,
      "best_nonzero_recall": 0.6369942196531792,
      "best_nonzero_precision": 0.7212900154706653,
      "best_nonzero_iou": 0.5111748334317281,
      "top_auto_overlaps": [
        [
          1693,
          12122
        ],
        [
          0,
          5037
        ],
        [
          1698,
          469
        ],
        [
          1696,
          292
        ],
        [
          1709,
          226
        ]
      ]
    },
    {
      "instance_id": 2,
      "manual_points": 6007,
      "background_overlap": 1626,
      "best_nonzero_label": 1383,
      "best_nonzero_overlap_points": 156,
      "best_nonzero_recall": 0.025969702014316632,
      "best_nonzero_precision": 1.0,
      "best_nonzero_iou": 0.025969702014316632,
      "top_auto_overlaps": [
        [
          1763,
          3749
        ],
        [
          0,
          1626
        ],
        [
          1383,
          156
        ],
        [
          1382,
          123
        ],
        [
          1391,
          108
        ]
      ]
    },
    {
      "instance_id": 3,
      "manual_points": 7833,
      "background_overlap": 2423,
      "best_nonzero_label": 1716,
      "best_nonzero_overlap_points": 462,
      "best_nonzero_recall": 0.058981233243967826,
      "best_nonzero_precision": 1.0,
      "best_nonzero_iou": 0.058981233243967826,
      "top_auto_overlaps": [
        [
          1763,
          4705
        ],
        [
          0,
          2423
        ],
        [
          1716,
          462
        ],
        [
          1722,
          100
        ],
        [
          1715,
          76
        ]
      ]
    },
    {
      "instance_id": 4,
      "manual_points": 4943,
      "background_overlap": 1407,
      "best_nonzero_label": 1919,
      "best_nonzero_overlap_points": 227,
      "best_nonzero_recall": 0.0459235282217277,
      "best_nonzero_precision": 0.531615925058548,
      "best_nonzero_iou": 0.044137662842698815,
      "top_auto_overlaps": [
        [
          1763,
          3308
        ],
        [
          0,
          1407
        ],
        [
          1919,
          227
        ],
        [
          1891,
          1
        ]
      ]
    },
    {
      "instance_id": 5,
      "manual_points": 7389,
      "background_overlap": 1996,
      "best_nonzero_label": 1511,
      "best_nonzero_overlap_points": 5068,
      "best_nonzero_recall": 0.6858844227906348,
      "best_nonzero_precision": 0.8049555273189326,
      "best_nonzero_iou": 0.5881397238017871,
      "top_auto_overlaps": [
        [
          1511,
          5068
        ],
        [
          0,
          1996
        ],
        [
          1526,
          102
        ],
        [
          1513,
          95
        ],
        [
          1653,
          70
        ]
      ]
    },
    {
      "instance_id": 6,
      "manual_points": 3822,
      "background_overlap": 2039,
      "best_nonzero_label": 1588,
      "best_nonzero_overlap_points": 1254,
      "best_nonzero_recall": 0.3281004709576138,
      "best_nonzero_precision": 0.18976997578692495,
      "best_nonzero_iou": 0.13666085440278988,
      "top_auto_overlaps": [
        [
          0,
          2039
        ],
        [
          1588,
          1254
        ],
        [
          1626,
          362
        ],
        [
          1662,
          91
        ],
        [
          1623,
          75
        ]
      ]
    },
    {
      "instance_id": 7,
      "manual_points": 6604,
      "background_overlap": 2330,
      "best_nonzero_label": 1453,
      "best_nonzero_overlap_points": 338,
      "best_nonzero_recall": 0.051181102362204724,
      "best_nonzero_precision": 0.9684813753581661,
      "best_nonzero_iou": 0.05109599395313681,
      "top_auto_overlaps": [
        [
          1763,
          3298
        ],
        [
          0,
          2330
        ],
        [
          1453,
          338
        ],
        [
          1474,
          253
        ],
        [
          1452,
          248
        ]
      ]
    },
    {
      "instance_id": 8,
      "manual_points": 7919,
      "background_overlap": 2944,
      "best_nonzero_label": 1763,
      "best_nonzero_overlap_points": 4788,
      "best_nonzero_recall": 0.6046217956812728,
      "best_nonzero_precision": 0.01339469303828454,
      "best_nonzero_iou": 0.013278385738769669,
      "top_auto_overlaps": [
        [
          1763,
          4788
        ],
        [
          0,
          2944
        ],
        [
          1469,
          98
        ],
        [
          1489,
          89
        ]
      ]
    }
  ],
  "mean_best_nonzero_iou": 0.17867979867864936,
  "mean_best_nonzero_recall": 0.30470705936561465
}