{
  "reference_csv": "G3point/Excel/Otira_1cm_grains_n1/Otira_1cm_grains.ply_granulo.csv",
  "reference_rows": 396,
  "candidates": {
    "baseline": {
      "rows": 400,
      "matched_rows": 396,
      "extra_rows": 4,
      "center_distance": {
        "mean": 0.18997201818401088,
        "median": 0.1590837498019757,
        "p95": 0.5097956096016392,
        "max": 1.0808187705886865
      },
      "metrics": {
        "Dmax": {
          "mae": 0.16082849204545455,
          "rmse": 0.2558712761761736,
          "bias": 0.055364060934343436,
          "median_abs": 0.09612213999999998,
          "p95_abs": 0.46020705
        },
        "Dmed": {
          "mae": 0.10966141427525253,
          "rmse": 0.1804402927117986,
          "bias": 0.03658537558838384,
          "median_abs": 0.059698549,
          "p95_abs": 0.36964832
        },
        "Dmin": {
          "mae": 0.0825723572212121,
          "rmse": 0.1316698252089361,
          "bias": -0.03671788696363636,
          "median_abs": 0.049870422000000005,
          "p95_abs": 0.24762997075
        },
        "angle_Mview": {
          "mae": 38.27310125252526,
          "median_abs": 34.706725000000006,
          "p95_abs": 81.9834725
        },
        "angle_Xview": {
          "mae": 33.365324674502524,
          "median_abs": 28.830643500000004,
          "p95_abs": 82.536365
        }
      }
    },
    "orientation_focus": {
      "rows": 403,
      "matched_rows": 396,
      "extra_rows": 7,
      "center_distance": {
        "mean": 0.1623828873870456,
        "median": 0.12832014574871403,
        "p95": 0.4384310927755622,
        "max": 1.0491177374041674
      },
      "metrics": {
        "Dmax": {
          "mae": 0.11832703297979796,
          "rmse": 0.2085911742141976,
          "bias": -0.004573589348484848,
          "median_abs": 0.059192970000000004,
          "p95_abs": 0.39833101249999997
        },
        "Dmed": {
          "mae": 0.08045458869949494,
          "rmse": 0.14854797447429496,
          "bias": 0.002881897815656564,
          "median_abs": 0.040418695500000004,
          "p95_abs": 0.292496312
        },
        "Dmin": {
          "mae": 0.0710633411790404,
          "rmse": 0.1184407873116301,
          "bias": -0.031013744921464647,
          "median_abs": 0.04091286,
          "p95_abs": 0.23332606425000002
        },
        "angle_Mview": {
          "mae": 37.828110952020204,
          "median_abs": 34.4652825,
          "p95_abs": 82.95879000000001
        },
        "angle_Xview": {
          "mae": 31.433735197987374,
          "median_abs": 25.954579999999993,
          "p95_abs": 80.687345
        }
      }
    }
  }
}
