{
  "diagnostics": {
    "spacing": 0.46116439035847284,
    "block_split_enabled": 0.0,
    "support_score_threshold": 0.48,
    "seed_score_threshold": 0.56,
    "grow_score_threshold": 0.45,
    "prefilter_points": 2574009.0,
    "connection_radius": 1.1529109758961822,
    "grow_radius": 1.4411387198702277,
    "split_seed_radius": 0.0,
    "split_size_threshold": 54102.0,
    "split_attempt_count": 0.0,
    "candidate_points": 746337.0,
    "split_component_count": 2694.0
  },
  "rows": [
    {
      "instance_id": 1,
      "manual_points": 19030,
      "background_overlap": 10229,
      "best_nonzero_label": 1759,
      "best_nonzero_overlap_points": 4284,
      "best_nonzero_recall": 0.2251182343667893,
      "best_nonzero_precision": 0.7904059040590405,
      "best_nonzero_iou": 0.21243677476941386,
      "top_auto_overlaps": [
        [
          0,
          10229
        ],
        [
          1759,
          4284
        ],
        [
          1421,
          2035
        ],
        [
          1422,
          641
        ],
        [
          1760,
          292
        ]
      ]
    },
    {
      "instance_id": 2,
      "manual_points": 6007,
      "background_overlap": 3985,
      "best_nonzero_label": 1437,
      "best_nonzero_overlap_points": 96,
      "best_nonzero_recall": 0.015981355085733312,
      "best_nonzero_precision": 1.0,
      "best_nonzero_iou": 0.015981355085733312,
      "top_auto_overlaps": [
        [
          0,
          3985
        ],
        [
          1771,
          1768
        ],
        [
          1437,
          96
        ],
        [
          1435,
          75
        ],
        [
          1436,
          72
        ]
      ]
    },
    {
      "instance_id": 3,
      "manual_points": 7833,
      "background_overlap": 4002,
      "best_nonzero_label": 1780,
      "best_nonzero_overlap_points": 376,
      "best_nonzero_recall": 0.04800204264011235,
      "best_nonzero_precision": 1.0,
      "best_nonzero_iou": 0.04800204264011235,
      "top_auto_overlaps": [
        [
          0,
          4002
        ],
        [
          1771,
          3246
        ],
        [
          1780,
          376
        ],
        [
          1784,
          81
        ],
        [
          1782,
          67
        ]
      ]
    },
    {
      "instance_id": 4,
      "manual_points": 4943,
      "background_overlap": 2116,
      "best_nonzero_label": 2027,
      "best_nonzero_overlap_points": 214,
      "best_nonzero_recall": 0.04329354642929395,
      "best_nonzero_precision": 0.5169082125603864,
      "best_nonzero_iou": 0.041609955279020026,
      "top_auto_overlaps": [
        [
          1771,
          2530
        ],
        [
          0,
          2116
        ],
        [
          2027,
          214
        ],
        [
          1952,
          82
        ],
        [
          1992,
          1
        ]
      ]
    },
    {
      "instance_id": 5,
      "manual_points": 7389,
      "background_overlap": 4121,
      "best_nonzero_label": 1592,
      "best_nonzero_overlap_points": 1582,
      "best_nonzero_recall": 0.21410204357829205,
      "best_nonzero_precision": 0.9535864978902954,
      "best_nonzero_iou": 0.21189391909991964,
      "top_auto_overlaps": [
        [
          0,
          4121
        ],
        [
          1592,
          1582
        ],
        [
          1591,
          1194
        ],
        [
          1586,
          102
        ],
        [
          1587,
          95
        ]
      ]
    },
    {
      "instance_id": 6,
      "manual_points": 3822,
      "background_overlap": 2354,
      "best_nonzero_label": 1669,
      "best_nonzero_overlap_points": 911,
      "best_nonzero_recall": 0.23835688121402407,
      "best_nonzero_precision": 0.7991228070175439,
      "best_nonzero_iou": 0.22488274500123426,
      "top_auto_overlaps": [
        [
          0,
          2354
        ],
        [
          1669,
          911
        ],
        [
          1687,
          362
        ],
        [
          1719,
          91
        ],
        [
          1681,
          75
        ]
      ]
    },
    {
      "instance_id": 7,
      "manual_points": 6604,
      "background_overlap": 2925,
      "best_nonzero_label": 1505,
      "best_nonzero_overlap_points": 293,
      "best_nonzero_recall": 0.04436705027256208,
      "best_nonzero_precision": 0.9638157894736842,
      "best_nonzero_iou": 0.04429327286470144,
      "top_auto_overlaps": [
        [
          0,
          2925
        ],
        [
          1771,
          2201
        ],
        [
          1505,
          293
        ],
        [
          1555,
          253
        ],
        [
          1510,
          248
        ]
      ]
    },
    {
      "instance_id": 8,
      "manual_points": 7919,
      "background_overlap": 3188,
      "best_nonzero_label": 1771,
      "best_nonzero_overlap_points": 4544,
      "best_nonzero_recall": 0.573809824472787,
      "best_nonzero_precision": 0.023414231978152213,
      "best_nonzero_iou": 0.023014003899820203,
      "top_auto_overlaps": [
        [
          1771,
          4544
        ],
        [
          0,
          3188
        ],
        [
          1529,
          98
        ],
        [
          1560,
          89
        ]
      ]
    }
  ],
  "mean_best_nonzero_iou": 0.10276425857999438,
  "mean_best_nonzero_recall": 0.17537887225744925
}