{
  "reference_csv": "G3point/Excel/Otira_1cm_grains_n1/Otira_1cm_grains.ply_granulo.csv",
  "reference_rows": 396,
  "candidates": {
    "pe3d_current": {
      "rows": 401,
      "matched_rows": 396,
      "extra_rows": 5,
      "center_distance": {
        "mean": 0.17633254191284123,
        "median": 0.1424418273670641,
        "p95": 0.5047478453665962,
        "max": 1.0647667002065353
      },
      "metrics": {
        "Dmax": {
          "mae": 0.12893489145454545,
          "rmse": 0.2181857108551264,
          "bias": -0.0010474940959595916,
          "median_abs": 0.07423648999999999,
          "p95_abs": 0.41759561749999996
        },
        "Dmed": {
          "mae": 0.08935178530555557,
          "rmse": 0.15540786466360967,
          "bias": 0.0065693500883838366,
          "median_abs": 0.044858230000000006,
          "p95_abs": 0.309986505
        },
        "Dmin": {
          "mae": 0.07806628130782829,
          "rmse": 0.12710743275109562,
          "bias": -0.025283946090656564,
          "median_abs": 0.04565709500000001,
          "p95_abs": 0.2682257225
        },
        "angle_Mview": {
          "mae": 37.623822776515155,
          "median_abs": 33.5175265,
          "p95_abs": 83.55242075
        },
        "angle_Xview": {
          "mae": 31.822170112128788,
          "median_abs": 26.46994885000001,
          "p95_abs": 81.77118349999999
        }
      }
    }
  }
}
