{
  "diagnostics": {
    "spacing": 0.46116439035847284,
    "block_split_enabled": 1.0,
    "support_score_threshold": 0.48,
    "seed_score_threshold": 0.56,
    "grow_score_threshold": 0.45,
    "connection_radius": 1.1529109758961822,
    "grow_radius": 1.4411387198702277,
    "split_seed_radius": 0.46116439035847284,
    "split_size_threshold": 64312.0,
    "split_attempt_count": 1.0,
    "candidate_points": 1014453.0,
    "split_component_count": 2796.0
  },
  "rows": [
    {
      "instance_id": 1,
      "manual_points": 19030,
      "background_overlap": 5037,
      "best_nonzero_label": 1693,
      "best_nonzero_overlap_points": 12122,
      "best_nonzero_recall": 0.6369942196531792,
      "best_nonzero_precision": 0.7212900154706653,
      "best_nonzero_iou": 0.5111748334317281,
      "top_auto_overlaps": [
        [
          1693,
          12122
        ],
        [
          0,
          5037
        ],
        [
          1698,
          469
        ],
        [
          1696,
          292
        ],
        [
          1709,
          226
        ]
      ]
    },
    {
      "instance_id": 2,
      "manual_points": 6007,
      "background_overlap": 1629,
      "best_nonzero_label": 1383,
      "best_nonzero_overlap_points": 156,
      "best_nonzero_recall": 0.025969702014316632,
      "best_nonzero_precision": 1.0,
      "best_nonzero_iou": 0.025969702014316632,
      "top_auto_overlaps": [
        [
          1769,
          3665
        ],
        [
          0,
          1629
        ],
        [
          1383,
          156
        ],
        [
          1382,
          123
        ],
        [
          1391,
          108
        ]
      ]
    },
    {
      "instance_id": 3,
      "manual_points": 7833,
      "background_overlap": 2442,
      "best_nonzero_label": 1770,
      "best_nonzero_overlap_points": 2350,
      "best_nonzero_recall": 0.30001276650070213,
      "best_nonzero_precision": 0.8723088344469191,
      "best_nonzero_iou": 0.2873914638620521,
      "top_auto_overlaps": [
        [
          0,
          2442
        ],
        [
          1770,
          2350
        ],
        [
          1769,
          2141
        ],
        [
          1716,
          462
        ],
        [
          1771,
          192
        ]
      ]
    },
    {
      "instance_id": 4,
      "manual_points": 4943,
      "background_overlap": 1407,
      "best_nonzero_label": 1764,
      "best_nonzero_overlap_points": 1836,
      "best_nonzero_recall": 0.37143435160833504,
      "best_nonzero_precision": 0.43342776203966005,
      "best_nonzero_iou": 0.2500340460302329,
      "top_auto_overlaps": [
        [
          1764,
          1836
        ],
        [
          1769,
          1472
        ],
        [
          0,
          1407
        ],
        [
          1952,
          227
        ],
        [
          1924,
          1
        ]
      ]
    },
    {
      "instance_id": 5,
      "manual_points": 7389,
      "background_overlap": 1996,
      "best_nonzero_label": 1511,
      "best_nonzero_overlap_points": 5068,
      "best_nonzero_recall": 0.6858844227906348,
      "best_nonzero_precision": 0.8049555273189326,
      "best_nonzero_iou": 0.5881397238017871,
      "top_auto_overlaps": [
        [
          1511,
          5068
        ],
        [
          0,
          1996
        ],
        [
          1526,
          102
        ],
        [
          1513,
          95
        ],
        [
          1653,
          70
        ]
      ]
    },
    {
      "instance_id": 6,
      "manual_points": 3822,
      "background_overlap": 2039,
      "best_nonzero_label": 1588,
      "best_nonzero_overlap_points": 1254,
      "best_nonzero_recall": 0.3281004709576138,
      "best_nonzero_precision": 0.18976997578692495,
      "best_nonzero_iou": 0.13666085440278988,
      "top_auto_overlaps": [
        [
          0,
          2039
        ],
        [
          1588,
          1254
        ],
        [
          1626,
          362
        ],
        [
          1662,
          91
        ],
        [
          1623,
          75
        ]
      ]
    },
    {
      "instance_id": 7,
      "manual_points": 6604,
      "background_overlap": 2330,
      "best_nonzero_label": 1453,
      "best_nonzero_overlap_points": 338,
      "best_nonzero_recall": 0.051181102362204724,
      "best_nonzero_precision": 0.9684813753581661,
      "best_nonzero_iou": 0.05109599395313681,
      "top_auto_overlaps": [
        [
          1769,
          3298
        ],
        [
          0,
          2330
        ],
        [
          1453,
          338
        ],
        [
          1474,
          253
        ],
        [
          1452,
          248
        ]
      ]
    },
    {
      "instance_id": 8,
      "manual_points": 7919,
      "background_overlap": 2951,
      "best_nonzero_label": 1769,
      "best_nonzero_overlap_points": 4781,
      "best_nonzero_recall": 0.6037378456875868,
      "best_nonzero_precision": 0.014383749161374172,
      "best_nonzero_iou": 0.014249225844715925,
      "top_auto_overlaps": [
        [
          1769,
          4781
        ],
        [
          0,
          2951
        ],
        [
          1469,
          98
        ],
        [
          1489,
          89
        ]
      ]
    }
  ],
  "mean_best_nonzero_iou": 0.23308948041759492,
  "mean_best_nonzero_recall": 0.3754143601968216
}