{
  "diagnostics": {
    "spacing": 0.46116439035847284,
    "support_score_threshold": 0.48,
    "seed_score_threshold": 0.56,
    "grow_score_threshold": 0.45,
    "connection_radius": 1.1529109758961822,
    "grow_radius": 1.4411387198702277,
    "split_seed_radius": 0.6341010367429003,
    "split_size_threshold": 400.0,
    "split_attempt_count": 239.0,
    "candidate_points": 1086514.0,
    "split_component_count": 2187.0
  },
  "rows": [
    {
      "instance_id": 1,
      "manual_points": 19030,
      "background_overlap": 3386,
      "best_nonzero_label": 441,
      "best_nonzero_overlap_points": 15333,
      "best_nonzero_recall": 0.8057277982133474,
      "best_nonzero_precision": 0.024698537063108282,
      "best_nonzero_iou": 0.024552324008051202,
      "top_auto_overlaps": [
        [
          441,
          15333
        ],
        [
          0,
          3386
        ],
        [
          1193,
          135
        ],
        [
          1194,
          94
        ],
        [
          1190,
          55
        ]
      ]
    },
    {
      "instance_id": 2,
      "manual_points": 6007,
      "background_overlap": 1071,
      "best_nonzero_label": 1032,
      "best_nonzero_overlap_points": 64,
      "best_nonzero_recall": 0.010654236723822208,
      "best_nonzero_precision": 1.0,
      "best_nonzero_iou": 0.010654236723822208,
      "top_auto_overlaps": [
        [
          441,
          4872
        ],
        [
          0,
          1071
        ],
        [
          1032,
          64
        ]
      ]
    },
    {
      "instance_id": 3,
      "manual_points": 7833,
      "background_overlap": 2883,
      "best_nonzero_label": 441,
      "best_nonzero_overlap_points": 4926,
      "best_nonzero_recall": 0.6288778245882803,
      "best_nonzero_precision": 0.007934845990534886,
      "best_nonzero_iou": 0.007897863280066312,
      "top_auto_overlaps": [
        [
          441,
          4926
        ],
        [
          0,
          2883
        ],
        [
          1203,
          24
        ]
      ]
    },
    {
      "instance_id": 4,
      "manual_points": 4943,
      "background_overlap": 1076,
      "best_nonzero_label": 441,
      "best_nonzero_overlap_points": 3867,
      "best_nonzero_recall": 0.7823184301031763,
      "best_nonzero_precision": 0.006228999075395534,
      "best_nonzero_iou": 0.00621822146323579,
      "top_auto_overlaps": [
        [
          441,
          3867
        ],
        [
          0,
          1076
        ]
      ]
    },
    {
      "instance_id": 5,
      "manual_points": 7389,
      "background_overlap": 1676,
      "best_nonzero_label": 1178,
      "best_nonzero_overlap_points": 5474,
      "best_nonzero_recall": 0.7408309649478955,
      "best_nonzero_precision": 0.1599088572096284,
      "best_nonzero_iou": 0.15143718704180154,
      "top_auto_overlaps": [
        [
          1178,
          5474
        ],
        [
          0,
          1676
        ],
        [
          1104,
          112
        ],
        [
          1103,
          82
        ],
        [
          1163,
          20
        ]
      ]
    },
    {
      "instance_id": 6,
      "manual_points": 3822,
      "background_overlap": 1441,
      "best_nonzero_label": 1232,
      "best_nonzero_overlap_points": 2141,
      "best_nonzero_recall": 0.5601779173207745,
      "best_nonzero_precision": 0.1214200646515057,
      "best_nonzero_iou": 0.11085223154188671,
      "top_auto_overlaps": [
        [
          1232,
          2141
        ],
        [
          0,
          1441
        ],
        [
          1157,
          123
        ],
        [
          1155,
          117
        ]
      ]
    },
    {
      "instance_id": 7,
      "manual_points": 6604,
      "background_overlap": 1447,
      "best_nonzero_label": 441,
      "best_nonzero_overlap_points": 5157,
      "best_nonzero_recall": 0.7808903694730467,
      "best_nonzero_precision": 0.00830694290970126,
      "best_nonzero_iou": 0.008287625772796596,
      "top_auto_overlaps": [
        [
          441,
          5157
        ],
        [
          0,
          1447
        ]
      ]
    },
    {
      "instance_id": 8,
      "manual_points": 7919,
      "background_overlap": 2262,
      "best_nonzero_label": 1062,
      "best_nonzero_overlap_points": 157,
      "best_nonzero_recall": 0.01982573557267332,
      "best_nonzero_precision": 0.2507987220447284,
      "best_nonzero_iou": 0.0187172150691464,
      "top_auto_overlaps": [
        [
          441,
          5482
        ],
        [
          0,
          2262
        ],
        [
          1062,
          157
        ],
        [
          1059,
          18
        ]
      ]
    }
  ],
  "mean_best_nonzero_iou": 0.042327113112600845,
  "mean_best_nonzero_recall": 0.541162909617877
}