{
  "diagnostics": {
    "spacing": 0.46116439035847284,
    "support_score_threshold": 0.48,
    "seed_score_threshold": 0.56,
    "grow_score_threshold": 0.45,
    "connection_radius": 1.1529109758961822,
    "grow_radius": 1.4411387198702277,
    "split_seed_radius": 0.6917465855377093,
    "candidate_points": 660103.0,
    "split_component_count": 32290.0
  },
  "rows": [
    {
      "instance_id": 1,
      "manual_points": 18166,
      "background_overlap": 16204,
      "best_nonzero_label": 1611,
      "best_nonzero_overlap_points": 201,
      "best_nonzero_recall": 0.011064626224815589,
      "best_nonzero_precision": 1.0,
      "best_nonzero_iou": 0.011064626224815589,
      "top_auto_overlaps": [
        [
          0,
          16204
        ],
        [
          1611,
          201
        ],
        [
          1598,
          117
        ],
        [
          1283,
          106
        ],
        [
          1448,
          103
        ]
      ]
    },
    {
      "instance_id": 2,
      "manual_points": 5614,
      "background_overlap": 4992,
      "best_nonzero_label": 1318,
      "best_nonzero_overlap_points": 95,
      "best_nonzero_recall": 0.016921980762379763,
      "best_nonzero_precision": 1.0,
      "best_nonzero_iou": 0.016921980762379763,
      "top_auto_overlaps": [
        [
          0,
          4992
        ],
        [
          1318,
          95
        ],
        [
          1323,
          80
        ],
        [
          1326,
          61
        ],
        [
          1316,
          54
        ]
      ]
    },
    {
      "instance_id": 3,
      "manual_points": 7741,
      "background_overlap": 6444,
      "best_nonzero_label": 1675,
      "best_nonzero_overlap_points": 240,
      "best_nonzero_recall": 0.03100374628600956,
      "best_nonzero_precision": 1.0,
      "best_nonzero_iou": 0.03100374628600956,
      "top_auto_overlaps": [
        [
          0,
          6444
        ],
        [
          1675,
          240
        ],
        [
          1668,
          106
        ],
        [
          1670,
          78
        ],
        [
          1628,
          75
        ]
      ]
    },
    {
      "instance_id": 4,
      "manual_points": 4696,
      "background_overlap": 4091,
      "best_nonzero_label": 2189,
      "best_nonzero_overlap_points": 76,
      "best_nonzero_recall": 0.016183986371379896,
      "best_nonzero_precision": 1.0,
      "best_nonzero_iou": 0.016183986371379896,
      "top_auto_overlaps": [
        [
          0,
          4091
        ],
        [
          2189,
          76
        ],
        [
          2184,
          60
        ],
        [
          2098,
          59
        ],
        [
          2197,
          55
        ]
      ]
    },
    {
      "instance_id": 5,
      "manual_points": 6976,
      "background_overlap": 5497,
      "best_nonzero_label": 2950,
      "best_nonzero_overlap_points": 255,
      "best_nonzero_recall": 0.03655389908256881,
      "best_nonzero_precision": 1.0,
      "best_nonzero_iou": 0.03655389908256881,
      "top_auto_overlaps": [
        [
          0,
          5497
        ],
        [
          2950,
          255
        ],
        [
          2939,
          217
        ],
        [
          2948,
          184
        ],
        [
          2940,
          100
        ]
      ]
    },
    {
      "instance_id": 6,
      "manual_points": 3040,
      "background_overlap": 2742,
      "best_nonzero_label": 3071,
      "best_nonzero_overlap_points": 92,
      "best_nonzero_recall": 0.030263157894736843,
      "best_nonzero_precision": 1.0,
      "best_nonzero_iou": 0.030263157894736843,
      "top_auto_overlaps": [
        [
          0,
          2742
        ],
        [
          3071,
          92
        ],
        [
          2928,
          88
        ],
        [
          3067,
          56
        ],
        [
          3064,
          53
        ]
      ]
    },
    {
      "instance_id": 7,
      "manual_points": 6226,
      "background_overlap": 5686,
      "best_nonzero_label": 1546,
      "best_nonzero_overlap_points": 86,
      "best_nonzero_recall": 0.013813042081593318,
      "best_nonzero_precision": 1.0,
      "best_nonzero_iou": 0.013813042081593318,
      "top_auto_overlaps": [
        [
          0,
          5686
        ],
        [
          1546,
          86
        ],
        [
          1543,
          64
        ],
        [
          1538,
          63
        ],
        [
          1537,
          61
        ]
      ]
    },
    {
      "instance_id": 8,
      "manual_points": 7698,
      "background_overlap": 6921,
      "best_nonzero_label": 1552,
      "best_nonzero_overlap_points": 72,
      "best_nonzero_recall": 0.009353078721745909,
      "best_nonzero_precision": 1.0,
      "best_nonzero_iou": 0.009353078721745909,
      "top_auto_overlaps": [
        [
          0,
          6921
        ],
        [
          1552,
          72
        ],
        [
          1553,
          61
        ],
        [
          1550,
          59
        ],
        [
          1493,
          58
        ]
      ]
    }
  ]
}