{
  "reference_csv": "evaluation/pe3d_preprocess_parity_compare/matlab_normalized.csv",
  "reference_rows": 396,
  "candidates": {
    "pe3d_previous": {
      "rows": 401,
      "matched_rows": 396,
      "extra_rows": 5,
      "center_distance": {
        "mean": 0.17633254191284123,
        "median": 0.1424418273670641,
        "p95": 0.5047478453665962,
        "max": 1.0647667002065353
      },
      "metrics": {
        "Dmax": {
          "mae": 0.12893489145454545,
          "rmse": 0.2181857108551264,
          "bias": -0.0010474940959595916,
          "median_abs": 0.07423648999999999,
          "p95_abs": 0.41759561749999996
        },
        "Dmed": {
          "mae": 0.08935178530555557,
          "rmse": 0.15540786466360967,
          "bias": 0.0065693500883838366,
          "median_abs": 0.044858230000000006,
          "p95_abs": 0.309986505
        },
        "Dmin": {
          "mae": 0.07806628130782829,
          "rmse": 0.12710743275109562,
          "bias": -0.025283946090656564,
          "median_abs": 0.04565709500000001,
          "p95_abs": 0.2682257225
        },
        "angle_Mview": {
          "mae": 37.623822776515155,
          "median_abs": 33.5175265,
          "p95_abs": 83.55242075
        },
        "angle_Xview": {
          "mae": 31.822170112128788,
          "median_abs": 26.46994885000001,
          "p95_abs": 81.77118349999999
        }
      }
    },
    "pe3d_preprocess_parity": {
      "rows": 427,
      "matched_rows": 396,
      "extra_rows": 31,
      "center_distance": {
        "mean": 0.11869176308695256,
        "median": 0.07646074791855872,
        "p95": 0.3369076295285851,
        "max": 0.6215525258322772
      },
      "metrics": {
        "Dmax": {
          "mae": 0.08821024936111112,
          "rmse": 0.1447877527609268,
          "bias": -0.0039165472601010096,
          "median_abs": 0.04800743499999999,
          "p95_abs": 0.29791769749999997
        },
        "Dmed": {
          "mae": 0.05594300278282829,
          "rmse": 0.09304254377857776,
          "bias": 0.001318494828282827,
          "median_abs": 0.03310749999999999,
          "p95_abs": 0.1787739325
        },
        "Dmin": {
          "mae": 0.059246761993181817,
          "rmse": 0.09167768879880045,
          "bias": -0.02552219668510101,
          "median_abs": 0.038570318000000006,
          "p95_abs": 0.1972729355
        },
        "angle_Mview": {
          "mae": 36.07723184207071,
          "median_abs": 29.315707000000003,
          "p95_abs": 82.46878325
        },
        "angle_Xview": {
          "mae": 32.95168663770707,
          "median_abs": 28.07127580000001,
          "p95_abs": 79.82845089999999
        }
      }
    }
  }
}
