{
  "diagnostics": {
    "spacing": 0.46116439035847284,
    "support_score_threshold": 0.48,
    "seed_score_threshold": 0.56,
    "grow_score_threshold": 0.45,
    "connection_radius": 1.1529109758961822,
    "grow_radius": 1.4411387198702277,
    "split_seed_radius": 0.46116439035847284,
    "split_size_threshold": 1000.0,
    "split_attempt_count": 82.0,
    "candidate_points": 1086514.0,
    "split_component_count": 1851.0
  },
  "rows": [
    {
      "instance_id": 1,
      "manual_points": 19030,
      "background_overlap": 3386,
      "best_nonzero_label": 382,
      "best_nonzero_overlap_points": 11064,
      "best_nonzero_recall": 0.5813977929584866,
      "best_nonzero_precision": 0.19663390619723817,
      "best_nonzero_iou": 0.172247909952828,
      "top_auto_overlaps": [
        [
          382,
          11064
        ],
        [
          381,
          4269
        ],
        [
          0,
          3386
        ],
        [
          999,
          135
        ],
        [
          1000,
          94
        ]
      ]
    },
    {
      "instance_id": 2,
      "manual_points": 6007,
      "background_overlap": 1071,
      "best_nonzero_label": 373,
      "best_nonzero_overlap_points": 2109,
      "best_nonzero_recall": 0.3510903945397037,
      "best_nonzero_precision": 0.05299261269410523,
      "best_nonzero_iou": 0.04826528744049799,
      "top_auto_overlaps": [
        [
          378,
          2120
        ],
        [
          373,
          2109
        ],
        [
          0,
          1071
        ],
        [
          387,
          477
        ],
        [
          376,
          79
        ]
      ]
    },
    {
      "instance_id": 3,
      "manual_points": 7833,
      "background_overlap": 2883,
      "best_nonzero_label": 382,
      "best_nonzero_overlap_points": 2611,
      "best_nonzero_recall": 0.3333333333333333,
      "best_nonzero_precision": 0.04640375353226581,
      "best_nonzero_iou": 0.042462879539429815,
      "top_auto_overlaps": [
        [
          0,
          2883
        ],
        [
          382,
          2611
        ],
        [
          386,
          2315
        ],
        [
          1009,
          24
        ]
      ]
    },
    {
      "instance_id": 4,
      "manual_points": 4943,
      "background_overlap": 1076,
      "best_nonzero_label": 378,
      "best_nonzero_overlap_points": 3867,
      "best_nonzero_recall": 0.7823184301031763,
      "best_nonzero_precision": 0.037706596460435865,
      "best_nonzero_iou": 0.03731508911426118,
      "top_auto_overlaps": [
        [
          378,
          3867
        ],
        [
          0,
          1076
        ]
      ]
    },
    {
      "instance_id": 5,
      "manual_points": 7389,
      "background_overlap": 1676,
      "best_nonzero_label": 970,
      "best_nonzero_overlap_points": 2662,
      "best_nonzero_recall": 0.36026525916903507,
      "best_nonzero_precision": 1.0,
      "best_nonzero_iou": 0.36026525916903507,
      "top_auto_overlaps": [
        [
          970,
          2662
        ],
        [
          980,
          1813
        ],
        [
          0,
          1676
        ],
        [
          971,
          981
        ],
        [
          902,
          112
        ]
      ]
    },
    {
      "instance_id": 6,
      "manual_points": 3822,
      "background_overlap": 1441,
      "best_nonzero_label": 1042,
      "best_nonzero_overlap_points": 1101,
      "best_nonzero_recall": 0.2880690737833595,
      "best_nonzero_precision": 0.5692864529472595,
      "best_nonzero_iou": 0.23651987110633726,
      "top_auto_overlaps": [
        [
          0,
          1441
        ],
        [
          1042,
          1101
        ],
        [
          1040,
          845
        ],
        [
          951,
          123
        ],
        [
          1041,
          120
        ]
      ]
    },
    {
      "instance_id": 7,
      "manual_points": 6604,
      "background_overlap": 1447,
      "best_nonzero_label": 373,
      "best_nonzero_overlap_points": 4191,
      "best_nonzero_recall": 0.6346153846153846,
      "best_nonzero_precision": 0.10530679933665009,
      "best_nonzero_iou": 0.09928691573286584,
      "top_auto_overlaps": [
        [
          373,
          4191
        ],
        [
          0,
          1447
        ],
        [
          381,
          966
        ]
      ]
    },
    {
      "instance_id": 8,
      "manual_points": 7919,
      "background_overlap": 2262,
      "best_nonzero_label": 373,
      "best_nonzero_overlap_points": 5482,
      "best_nonzero_recall": 0.6922591236267206,
      "best_nonzero_precision": 0.13774561535755567,
      "best_nonzero_iou": 0.1297975612643542,
      "top_auto_overlaps": [
        [
          373,
          5482
        ],
        [
          0,
          2262
        ],
        [
          867,
          157
        ],
        [
          864,
          18
        ]
      ]
    }
  ],
  "mean_best_nonzero_iou": 0.14077009666495116,
  "mean_best_nonzero_recall": 0.50291859901615
}