{
  "manual_block_points": 172419,
  "manual_non_block_points": 220134,
  "predicted_positive_points_in_labeled_zones": 200737,
  "tp": 119983,
  "fp": 80754,
  "fn": 52436,
  "tn": 139380,
  "precision": 0.5977124296965681,
  "recall": 0.6958803844123908,
  "specificity": 0.6331598026656491,
  "f1": 0.6430715304055141,
  "balanced_accuracy": 0.6645200935390199,
  "labels_count": 2876,
  "diagnostics": {
    "spacing": 0.46116439035847284,
    "support_score_threshold": 0.48,
    "seed_score_threshold": 0.56,
    "grow_score_threshold": 0.45,
    "connection_radius": 1.1529109758961822,
    "grow_radius": 1.4411387198702277,
    "candidate_points": 959701.0
  }
}