{
  "reference_csv": "G3point/Excel/Otira_1cm_grains_n1/Otira_1cm_grains.ply_granulo.csv",
  "reference_rows": 396,
  "candidates": {
    "baseline": {
      "rows": 400,
      "matched_rows": 396,
      "extra_rows": 4,
      "center_distance": {
        "mean": 0.18997201818401088,
        "median": 0.1590837498019757,
        "p95": 0.5097956096016392,
        "max": 1.0808187705886865
      },
      "metrics": {
        "Dmax": {
          "mae": 0.16082849204545455,
          "rmse": 0.2558712761761736,
          "bias": 0.055364060934343436,
          "median_abs": 0.09612213999999998,
          "p95_abs": 0.46020705
        },
        "Dmed": {
          "mae": 0.10966141427525253,
          "rmse": 0.1804402927117986,
          "bias": 0.03658537558838384,
          "median_abs": 0.059698549,
          "p95_abs": 0.36964832
        },
        "Dmin": {
          "mae": 0.0825723572212121,
          "rmse": 0.1316698252089361,
          "bias": -0.03671788696363636,
          "median_abs": 0.049870422000000005,
          "p95_abs": 0.24762997075
        },
        "angle_Mview": {
          "mae": 38.27310125252526,
          "median_abs": 34.706725000000006,
          "p95_abs": 81.9834725
        },
        "angle_Xview": {
          "mae": 33.365324674502524,
          "median_abs": 28.830643500000004,
          "p95_abs": 82.536365
        }
      }
    },
    "bounded_atan2": {
      "rows": 402,
      "matched_rows": 396,
      "extra_rows": 6,
      "center_distance": {
        "mean": 0.17322297165389355,
        "median": 0.14154638513061912,
        "p95": 0.47697538803566175,
        "max": 1.06506454516741
      },
      "metrics": {
        "Dmax": {
          "mae": 0.13255386263383837,
          "rmse": 0.22052081908718038,
          "bias": 0.0062763234419191925,
          "median_abs": 0.07400719,
          "p95_abs": 0.42202396249999996
        },
        "Dmed": {
          "mae": 0.09441856492676766,
          "rmse": 0.15992380608664689,
          "bias": 0.012780413411616162,
          "median_abs": 0.045576685000000006,
          "p95_abs": 0.31590649000000004
        },
        "Dmin": {
          "mae": 0.08514398220000001,
          "rmse": 0.13196561020293343,
          "bias": -0.06034748412929292,
          "median_abs": 0.056906457,
          "p95_abs": 0.275773241
        },
        "angle_Mview": {
          "mae": 39.33117532323232,
          "median_abs": 35.814475,
          "p95_abs": 82.99007999999999
        },
        "angle_Xview": {
          "mae": 31.56895808283586,
          "median_abs": 26.000064999999992,
          "p95_abs": 81.04347250000001
        }
      }
    },
    "bounded_matlab": {
      "rows": 402,
      "matched_rows": 396,
      "extra_rows": 6,
      "center_distance": {
        "mean": 0.17322297165389355,
        "median": 0.14154638513061912,
        "p95": 0.47697538803566175,
        "max": 1.06506454516741
      },
      "metrics": {
        "Dmax": {
          "mae": 0.13255386263383837,
          "rmse": 0.22052081908718038,
          "bias": 0.0062763234419191925,
          "median_abs": 0.07400719,
          "p95_abs": 0.42202396249999996
        },
        "Dmed": {
          "mae": 0.09441856492676766,
          "rmse": 0.15992380608664689,
          "bias": 0.012780413411616162,
          "median_abs": 0.045576685000000006,
          "p95_abs": 0.31590649000000004
        },
        "Dmin": {
          "mae": 0.08514398220000001,
          "rmse": 0.13196561020293343,
          "bias": -0.06034748412929292,
          "median_abs": 0.056906457,
          "p95_abs": 0.275773241
        },
        "angle_Mview": {
          "mae": 39.33117538992424,
          "median_abs": 35.814476000000006,
          "p95_abs": 82.99008075
        },
        "angle_Xview": {
          "mae": 31.56895808283586,
          "median_abs": 26.000064999999992,
          "p95_abs": 81.04347250000001
        }
      }
    }
  }
}
